fila_excel;fuente;institucion;url;url_utilizada;uso_fallback;crawler_asignado;id_fuente;paginas;archivos;datasets;recursos_json;urls_unicas;duplicados_url;formatos;errores;motivo_parada;duracion_crawler;duracion_total;returncode;resultado;detalle;json_output;log_output
9;ASFI - BCB;ASFI / Banco Central de Bolivia;https://www.bcb.gob.bo;https://www.bcb.gob.bo/;False;Rolando;bcb;0;0;0;0;0;0;{};0;;0.0;300.02;1;TIMEOUT;La fuente excedió el tiempo máximo.;;C:\Ultimo Semestre 7\trabajo\DATAX\team crawler\crawler_asfi\Crawler_BCB\crawler_v2\output\quick_logs\009_asfi_bcb.log
16;BCB;Banco Central de Bolivia;https://www.bcb.gob.bo;https://www.bcb.gob.bo/;False;Alex;bcb;0;0;0;0;0;0;{};0;;0.0;300.02;1;TIMEOUT;La fuente excedió el tiempo máximo.;;C:\Ultimo Semestre 7\trabajo\DATAX\team crawler\crawler_asfi\Crawler_BCB\crawler_v2\output\quick_logs\016_bcb.log
17;BM;Banco Mundial;https://www.worldbank.org;https://www.worldbank.org/ext/en/home;True;Alex;full_17_bm;200;393;82;475;475;0;"{""CSV"": 5, ""DOCX"": 1, ""PDF"": 321, ""WEB"": 82, ""XLSX"": 15, ""ZIP"": 51}";3;max_pages;201.86;203.84;0;INCOMPLETO_LIMITE;"El crawler alcanzó max_pages; no se considera mapeo completo.";C:\Ultimo Semestre 7\trabajo\DATAX\team crawler\crawler_asfi\Crawler_BCB\crawler_v2\output\quick_map\017_bm.json;C:\Ultimo Semestre 7\trabajo\DATAX\team crawler\crawler_asfi\Crawler_BCB\crawler_v2\output\quick_logs\017_bm.log
18;BOLCEREALES;Bolcereales;https://www.bolsadecereales.com;https://www.bolsadecereales.com;False;Douglas;full_18_bolcereales;0;0;0;0;0;0;{};1;frontier_exhausted;1.05;7.71;0;FUENTE_DENEGADA;La fuente respondió HTTP 403.;C:\Ultimo Semestre 7\trabajo\DATAX\team crawler\crawler_asfi\Crawler_BCB\crawler_v2\output\quick_map\018_bolcereales.json;C:\Ultimo Semestre 7\trabajo\DATAX\team crawler\crawler_asfi\Crawler_BCB\crawler_v2\output\quick_logs\018_bolcereales.log
19;CADEXCO;Cámara de Exportadores de Cochabamba;https://www.cadexco.org.bo;https://www.cadexco.org.bo;False;Brami;full_19_cadexco;0;0;0;0;0;0;{};1;frontier_exhausted;0.29;1.9;0;SIN_RECURSOS;Terminó sin recursos catalogados.;C:\Ultimo Semestre 7\trabajo\DATAX\team crawler\crawler_asfi\Crawler_BCB\crawler_v2\output\quick_map\019_cadexco.json;C:\Ultimo Semestre 7\trabajo\DATAX\team crawler\crawler_asfi\Crawler_BCB\crawler_v2\output\quick_logs\019_cadexco.log
20;CEPAL;Comisión Económica para América Latina y el Caribe;https://www.cepal.org;https://www.cepal.org/;True;Alex;full_20_cepal;0;0;0;0;0;0;{};0;;0.0;300.03;1;TIMEOUT;La fuente excedió el tiempo máximo.;;C:\Ultimo Semestre 7\trabajo\DATAX\team crawler\crawler_asfi\Crawler_BCB\crawler_v2\output\quick_logs\020_cepal.log
21;CEPROBOL;Centro Promoción Bolivia;https://www.ceprobol.gob.bo;https://www.ceprobol.gob.bo;False;Douglas;full_21_ceprobol;0;0;0;0;0;0;{};1;frontier_exhausted;0.25;2.06;0;SIN_RECURSOS;Terminó sin recursos catalogados.;C:\Ultimo Semestre 7\trabajo\DATAX\team crawler\crawler_asfi\Crawler_BCB\crawler_v2\output\quick_map\021_ceprobol.json;C:\Ultimo Semestre 7\trabajo\DATAX\team crawler\crawler_asfi\Crawler_BCB\crawler_v2\output\quick_logs\021_ceprobol.log
23;Data.Gov;Portal de Datos Abiertos USA;https://www.data.gov;https://data.gov/;False;Rolando;datagov;0;0;0;0;0;0;{};0;;0.0;300.02;1;TIMEOUT;La fuente excedió el tiempo máximo.;;C:\Ultimo Semestre 7\trabajo\DATAX\team crawler\crawler_asfi\Crawler_BCB\crawler_v2\output\quick_logs\023_data_gov.log
24;DGAC;Dirección General de Aeronáutica Civil;https://www.dgac.gob.bo;https://www.dgac.gob.bo/;True;Brami;full_24_dgac;0;0;0;0;0;0;{};0;;0.0;300.02;1;TIMEOUT;La fuente excedió el tiempo máximo.;;C:\Ultimo Semestre 7\trabajo\DATAX\team crawler\crawler_asfi\Crawler_BCB\crawler_v2\output\quick_logs\024_dgac.log
25;FAM;Federación de Asociaciones Municipales de Bolivia;https://www.fam.bo;https://www.fam.bo;False;Brami;full_25_fam;0;0;0;0;0;0;{};1;frontier_exhausted;0.26;1.78;0;SIN_RECURSOS;Terminó sin recursos catalogados.;C:\Ultimo Semestre 7\trabajo\DATAX\team crawler\crawler_asfi\Crawler_BCB\crawler_v2\output\quick_map\025_fam.json;C:\Ultimo Semestre 7\trabajo\DATAX\team crawler\crawler_asfi\Crawler_BCB\crawler_v2\output\quick_logs\025_fam.log
26;FDTA-Valles;Fundación para el Desarrollo Tecnológico Agropecuario de los Valles;https://www.icco.org;https://www.icco.org/;True;Douglas;full_26_fdta_valles;0;0;0;0;0;0;{};0;;0.0;300.02;1;TIMEOUT;La fuente excedió el tiempo máximo.;;C:\Ultimo Semestre 7\trabajo\DATAX\team crawler\crawler_asfi\Crawler_BCB\crawler_v2\output\quick_logs\026_fdta_valles.log
27;FEGASACRUZ;Federación de Ganaderos de Santa Cruz;https://www.fegasacruz.org.bo;https://www.fegasacruz.org.bo;False;Alex;full_27_fegasacruz;0;0;0;0;0;0;{};1;frontier_exhausted;0.16;1.32;0;SIN_RECURSOS;Terminó sin recursos catalogados.;C:\Ultimo Semestre 7\trabajo\DATAX\team crawler\crawler_asfi\Crawler_BCB\crawler_v2\output\quick_map\027_fegasacruz.json;C:\Ultimo Semestre 7\trabajo\DATAX\team crawler\crawler_asfi\Crawler_BCB\crawler_v2\output\quick_logs\027_fegasacruz.log
28;FIFA;Federación Internacional de Fútbol Asociación;https://www.fifa.com;https://www.fifa.com/;True;Brami;full_28_fifa;1;0;0;0;0;0;{};0;frontier_exhausted;1.29;3.55;0;SIN_RECURSOS;Terminó sin recursos catalogados.;C:\Ultimo Semestre 7\trabajo\DATAX\team crawler\crawler_asfi\Crawler_BCB\crawler_v2\output\quick_map\028_fifa.json;C:\Ultimo Semestre 7\trabajo\DATAX\team crawler\crawler_asfi\Crawler_BCB\crawler_v2\output\quick_logs\028_fifa.log
29;FINRURAL/indicadores;Finrural Bolivia;https://www.finrural.bo;https://www.finrural.bo;False;Alex;full_29_finrural_indicadores;0;0;0;0;0;0;{};1;frontier_exhausted;0.29;1.7;0;SIN_RECURSOS;Terminó sin recursos catalogados.;C:\Ultimo Semestre 7\trabajo\DATAX\team crawler\crawler_asfi\Crawler_BCB\crawler_v2\output\quick_map\029_finrural_indicadores.json;C:\Ultimo Semestre 7\trabajo\DATAX\team crawler\crawler_asfi\Crawler_BCB\crawler_v2\output\quick_logs\029_finrural_indicadores.log
30;FMI;Fondo Monetario Internacional;https://www.imf.org;https://www.imf.org;False;Alex;full_30_fmi;0;0;0;0;0;0;{};1;frontier_exhausted;1.05;5.5;0;FUENTE_DENEGADA;La fuente respondió HTTP 403.;C:\Ultimo Semestre 7\trabajo\DATAX\team crawler\crawler_asfi\Crawler_BCB\crawler_v2\output\quick_map\030_fmi.json;C:\Ultimo Semestre 7\trabajo\DATAX\team crawler\crawler_asfi\Crawler_BCB\crawler_v2\output\quick_logs\030_fmi.log
31;FUNDEMPRESA;Registro de Comercio de Bolivia;https://www.fundempresa.org.bo;http://www.fundempresa.org.bo/;True;Brami;full_31_fundempresa;1;0;0;0;0;0;{};0;frontier_exhausted;1.08;4.0;0;SIN_RECURSOS;Terminó sin recursos catalogados.;C:\Ultimo Semestre 7\trabajo\DATAX\team crawler\crawler_asfi\Crawler_BCB\crawler_v2\output\quick_map\031_fundempresa.json;C:\Ultimo Semestre 7\trabajo\DATAX\team crawler\crawler_asfi\Crawler_BCB\crawler_v2\output\quick_logs\031_fundempresa.log
32;IBCE - CAO;Instituto Boliviano de Comercio Exterior / Cámara Agropecuaria del Oriente;https://www.ibce.org.bo;https://ibce.org.bo/;True;Rolando;ibce;200;177;67;244;244;0;"{""PDF"": 177, ""WEB"": 67}";0;max_pages;116.92;121.68;0;INCOMPLETO_LIMITE;"El crawler alcanzó max_pages; no se considera mapeo completo.";C:\Ultimo Semestre 7\trabajo\DATAX\team crawler\crawler_asfi\Crawler_BCB\crawler_v2\output\quick_map\032_ibce_cao.json;C:\Ultimo Semestre 7\trabajo\DATAX\team crawler\crawler_asfi\Crawler_BCB\crawler_v2\output\quick_logs\032_ibce_cao.log
33;IBCH;Instituto Boliviano del Cemento y Hormigón;https://www.ibch.org.bo;https://www.ibch.org.bo;False;Douglas;full_33_ibch;0;0;0;0;0;0;{};1;frontier_exhausted;0.2;1.6;0;SIN_RECURSOS;Terminó sin recursos catalogados.;C:\Ultimo Semestre 7\trabajo\DATAX\team crawler\crawler_asfi\Crawler_BCB\crawler_v2\output\quick_map\033_ibch.json;C:\Ultimo Semestre 7\trabajo\DATAX\team crawler\crawler_asfi\Crawler_BCB\crawler_v2\output\quick_logs\033_ibch.log
34;ICCO;International Cocoa Organization;https://www.icco.org;https://www.icco.org/;True;Brami;full_34_icco;0;0;0;0;0;0;{};0;;0.0;300.02;1;TIMEOUT;La fuente excedió el tiempo máximo.;;C:\Ultimo Semestre 7\trabajo\DATAX\team crawler\crawler_asfi\Crawler_BCB\crawler_v2\output\quick_logs\034_icco.log
35;INE;Instituto Nacional de Estadística;https://www.ine.gob.bo;https://www.ine.gob.bo/;True;Douglas;full_35_ine;0;0;0;0;0;0;{};0;;0.0;300.02;1;TIMEOUT;La fuente excedió el tiempo máximo.;;C:\Ultimo Semestre 7\trabajo\DATAX\team crawler\crawler_asfi\Crawler_BCB\crawler_v2\output\quick_logs\035_ine.log
36;ITU;International Telecommunication Union;https://www.itu.int;https://www.itu.int/es/Pages/default.aspx;True;Brami;full_36_itu;0;0;0;0;0;0;{};0;;0.0;300.04;1;TIMEOUT;La fuente excedió el tiempo máximo.;;C:\Ultimo Semestre 7\trabajo\DATAX\team crawler\crawler_asfi\Crawler_BCB\crawler_v2\output\quick_logs\036_itu.log
37;MDRyT;Ministerio de Desarrollo Rural y Tierras;https://www.ruralytierras.gob.bo;https://ruralytierras.gob.bo/;False;Rolando;mdryt;200;43;7;50;50;0;"{""PDF"": 43, ""WEB"": 7}";1;max_pages;100.45;106.31;0;INCOMPLETO_LIMITE;"El crawler alcanzó max_pages; no se considera mapeo completo.";C:\Ultimo Semestre 7\trabajo\DATAX\team crawler\crawler_asfi\Crawler_BCB\crawler_v2\output\quick_map\037_mdryt.json;C:\Ultimo Semestre 7\trabajo\DATAX\team crawler\crawler_asfi\Crawler_BCB\crawler_v2\output\quick_logs\037_mdryt.log
38;MDRyT/OAP;Ministerio de Desarrollo Rural y Tierras - OAP;https://www.ruralytierras.gob.bo;https://ruralytierras.gob.bo/;True;Brami;full_38_mdryt_oap;200;43;12;55;55;0;"{""PDF"": 43, ""WEB"": 12}";6;max_pages;142.72;150.36;0;INCOMPLETO_LIMITE;"El crawler alcanzó max_pages; no se considera mapeo completo.";C:\Ultimo Semestre 7\trabajo\DATAX\team crawler\crawler_asfi\Crawler_BCB\crawler_v2\output\quick_map\038_mdryt_oap.json;C:\Ultimo Semestre 7\trabajo\DATAX\team crawler\crawler_asfi\Crawler_BCB\crawler_v2\output\quick_logs\038_mdryt_oap.log
39;MEFP;Ministerio de Economía y Finanzas Públicas;https://www.economiayfinanzas.gob.bo;https://www.economiayfinanzas.gob.bo;False;Alex;full_39_mefp;0;0;0;0;0;0;{};1;frontier_exhausted;1.01;8.44;0;SIN_RECURSOS;Terminó sin recursos catalogados.;C:\Ultimo Semestre 7\trabajo\DATAX\team crawler\crawler_asfi\Crawler_BCB\crawler_v2\output\quick_map\039_mefp.json;C:\Ultimo Semestre 7\trabajo\DATAX\team crawler\crawler_asfi\Crawler_BCB\crawler_v2\output\quick_logs\039_mefp.log
40;MHE;Ministerio de Hidrocarburos y Energías;https://www.hidrocarburos.gob.bo;https://www.hidrocarburos.gob.bo;False;Douglas;full_40_mhe;0;0;0;0;0;0;{};1;frontier_exhausted;0.7;24.33;0;SIN_RECURSOS;Terminó sin recursos catalogados.;C:\Ultimo Semestre 7\trabajo\DATAX\team crawler\crawler_asfi\Crawler_BCB\crawler_v2\output\quick_map\040_mhe.json;C:\Ultimo Semestre 7\trabajo\DATAX\team crawler\crawler_asfi\Crawler_BCB\crawler_v2\output\quick_logs\040_mhe.log
41;Min. Educación;Ministerio de Educación;https://www.minedu.gob.bo;https://www.minedu.gob.bo/;False;Rolando;minedu;200;101;37;138;138;0;"{""DOCX"": 1, ""PDF"": 100, ""WEB"": 37}";1;max_pages;99.8;102.12;0;INCOMPLETO_LIMITE;"El crawler alcanzó max_pages; no se considera mapeo completo.";C:\Ultimo Semestre 7\trabajo\DATAX\team crawler\crawler_asfi\Crawler_BCB\crawler_v2\output\quick_map\041_min_educacion.json;C:\Ultimo Semestre 7\trabajo\DATAX\team crawler\crawler_asfi\Crawler_BCB\crawler_v2\output\quick_logs\041_min_educacion.log
42;MMYM;Ministerio de Minería y Metalurgia;https://www.mineria.gob.bo;https://www.mineria.gob.bo/;True;Alex;full_42_mmym;200;159;0;159;159;0;"{""PDF"": 159}";2;max_pages;196.52;199.21;0;INCOMPLETO_LIMITE;"El crawler alcanzó max_pages; no se considera mapeo completo.";C:\Ultimo Semestre 7\trabajo\DATAX\team crawler\crawler_asfi\Crawler_BCB\crawler_v2\output\quick_map\042_mmym.json;C:\Ultimo Semestre 7\trabajo\DATAX\team crawler\crawler_asfi\Crawler_BCB\crawler_v2\output\quick_logs\042_mmym.log
43;OMC;Organización Mundial del Comercio;https://www.wto.org;https://www.wto.org/;True;Alex;full_43_omc;200;115;65;180;180;0;"{""CSV"": 1, ""DOCX"": 5, ""PDF"": 87, ""WEB"": 65, ""XLSX"": 7, ""XML"": 1, ""ZIP"": 14}";4;max_pages;170.82;172.77;0;INCOMPLETO_LIMITE;"El crawler alcanzó max_pages; no se considera mapeo completo.";C:\Ultimo Semestre 7\trabajo\DATAX\team crawler\crawler_asfi\Crawler_BCB\crawler_v2\output\quick_map\043_omc.json;C:\Ultimo Semestre 7\trabajo\DATAX\team crawler\crawler_asfi\Crawler_BCB\crawler_v2\output\quick_logs\043_omc.log
44;OTROS HISTÓRICOS/BANCO MUNDIAL/DOING BUSINESS;Doing Business (Banco Mundial);https://www.doingbusiness.org;https://www.worldbank.org/en/businessready;True;Brami;full_44_otros_historicos_banco_mundial_doing_business;200;63;89;152;152;0;"{""PDF"": 50, ""WEB"": 89, ""XLS"": 5, ""XLSX"": 6, ""ZIP"": 2}";1;max_pages;98.49;101.49;0;INCOMPLETO_LIMITE;"El crawler alcanzó max_pages; no se considera mapeo completo.";C:\Ultimo Semestre 7\trabajo\DATAX\team crawler\crawler_asfi\Crawler_BCB\crawler_v2\output\quick_map\044_otros_historicos_banco_mundial_doing_business.json;C:\Ultimo Semestre 7\trabajo\DATAX\team crawler\crawler_asfi\Crawler_BCB\crawler_v2\output\quick_logs\044_otros_historicos_banco_mundial_doing_business.log
45;SABSA;Servicios de Aeropuertos Bolivianos S.A.;https://www.sabsa.aero;https://www.sabsa.aero;False;Brami;full_45_sabsa;0;0;0;0;0;0;{};1;frontier_exhausted;0.18;1.62;0;SIN_RECURSOS;Terminó sin recursos catalogados.;C:\Ultimo Semestre 7\trabajo\DATAX\team crawler\crawler_asfi\Crawler_BCB\crawler_v2\output\quick_map\045_sabsa.json;C:\Ultimo Semestre 7\trabajo\DATAX\team crawler\crawler_asfi\Crawler_BCB\crawler_v2\output\quick_logs\045_sabsa.log
46;SENAMHI;Servicio Nacional de Meteorología e Hidrología;https://www.senamhi.gob.bo;https://wis.senamhi.gob.bo/oapi/;False;Rolando;senamhi;19;0;5;5;5;0;"{""API:JSON"": 5}";0;frontier_exhausted;20.02;21.64;0;MAPEADO;La frontera alcanzable quedó agotada sin errores.;C:\Ultimo Semestre 7\trabajo\DATAX\team crawler\crawler_asfi\Crawler_BCB\crawler_v2\output\quick_map\046_senamhi.json;C:\Ultimo Semestre 7\trabajo\DATAX\team crawler\crawler_asfi\Crawler_BCB\crawler_v2\output\quick_logs\046_senamhi.log
47;SEPREC;Servicio Plurinacional de Registro de Comercio;https://www.seprec.gob.bo;https://www.seprec.gob.bo/;True;Douglas;full_47_seprec;181;213;1;214;214;0;"{""PDF"": 213, ""WEB"": 1}";1;frontier_exhausted;175.53;178.37;0;MAPEADO_CON_ERRORES;Generó JSON, pero hubo errores durante la exploración.;C:\Ultimo Semestre 7\trabajo\DATAX\team crawler\crawler_asfi\Crawler_BCB\crawler_v2\output\quick_map\047_seprec.json;C:\Ultimo Semestre 7\trabajo\DATAX\team crawler\crawler_asfi\Crawler_BCB\crawler_v2\output\quick_logs\047_seprec.log
48;SICOES;Sistema de Contrataciones Estatales;https://www.sicoes.gob.bo;https://www.sicoes.gob.bo/;True;Brami;full_48_sicoes;1;0;0;0;0;0;{};0;frontier_exhausted;1.1;2.67;0;SIN_RECURSOS;Terminó sin recursos catalogados.;C:\Ultimo Semestre 7\trabajo\DATAX\team crawler\crawler_asfi\Crawler_BCB\crawler_v2\output\quick_map\048_sicoes.json;C:\Ultimo Semestre 7\trabajo\DATAX\team crawler\crawler_asfi\Crawler_BCB\crawler_v2\output\quick_logs\048_sicoes.log
49;SIGMA;Industria Farmacéutica Sigma;https://www.sigmacorp.com.bo;https://www.sigmacorp.com.bo/;False;Rolando;sigma;121;0;0;0;0;0;{};67;frontier_exhausted;191.63;194.4;0;SIN_RECURSOS;Terminó sin recursos catalogados.;C:\Ultimo Semestre 7\trabajo\DATAX\team crawler\crawler_asfi\Crawler_BCB\crawler_v2\output\quick_map\049_sigma.json;C:\Ultimo Semestre 7\trabajo\DATAX\team crawler\crawler_asfi\Crawler_BCB\crawler_v2\output\quick_logs\049_sigma.log
50;SNIS;Sistema Nacional de Información en Salud;https://snis.minsalud.gob.bo;https://snis.minsalud.gob.bo/;False;Rolando;snis;200;24;94;118;118;0;"{""PDF"": 15, ""WEB"": 94, ""XLSX"": 9}";3;max_pages;171.44;172.69;0;INCOMPLETO_LIMITE;"El crawler alcanzó max_pages; no se considera mapeo completo.";C:\Ultimo Semestre 7\trabajo\DATAX\team crawler\crawler_asfi\Crawler_BCB\crawler_v2\output\quick_map\050_snis.json;C:\Ultimo Semestre 7\trabajo\DATAX\team crawler\crawler_asfi\Crawler_BCB\crawler_v2\output\quick_logs\050_snis.log
51;Statistics Denmark;Danmarks Statistik;https://www.dst.dk;https://www.dst.dk/da/;True;Alex;full_51_statistics_denmark;0;0;0;0;0;0;{};0;;0.0;77.52;1;ERROR;main.py terminó con código 1.;;C:\Ultimo Semestre 7\trabajo\DATAX\team crawler\crawler_asfi\Crawler_BCB\crawler_v2\output\quick_logs\051_statistics_denmark.log
52;TRANSTATS;US Bureau of Transportation Statistics;https://www.transtats.bts.gov;https://www.transtats.bts.gov/;False;Rolando;transtats;0;0;0;0;0;0;{};0;;0.0;300.02;1;TIMEOUT;La fuente excedió el tiempo máximo.;;C:\Ultimo Semestre 7\trabajo\DATAX\team crawler\crawler_asfi\Crawler_BCB\crawler_v2\output\quick_logs\052_transtats.log
53;UNDATA;United Nations Data;https://data.un.org;https://data.un.org/;True;Douglas;full_53_undata;200;66;194;260;260;0;"{""CSV"": 33, ""PDF"": 33, ""WEB"": 194}";0;max_pages;117.78;120.23;0;INCOMPLETO_LIMITE;"El crawler alcanzó max_pages; no se considera mapeo completo.";C:\Ultimo Semestre 7\trabajo\DATAX\team crawler\crawler_asfi\Crawler_BCB\crawler_v2\output\quick_map\053_undata.json;C:\Ultimo Semestre 7\trabajo\DATAX\team crawler\crawler_asfi\Crawler_BCB\crawler_v2\output\quick_logs\053_undata.log
54;VIPFE;Viceministerio de Inversión Pública y Financiamiento Externo;https://www.vipfe.gob.bo;https://www.vipfe.gob.bo;False;Alex;full_54_vipfe;0;0;0;0;0;0;{};1;frontier_exhausted;0.36;43.14;0;SIN_RECURSOS;Terminó sin recursos catalogados.;C:\Ultimo Semestre 7\trabajo\DATAX\team crawler\crawler_asfi\Crawler_BCB\crawler_v2\output\quick_map\054_vipfe.json;C:\Ultimo Semestre 7\trabajo\DATAX\team crawler\crawler_asfi\Crawler_BCB\crawler_v2\output\quick_logs\054_vipfe.log
